{
  "count": 180,
  "users": [
    {
      "firstName": "Patricia",
      "lastName": "Cooper",
      "age": 72
    },
    {
      "firstName": "Rachel",
      "lastName": "Johnson",
      "age": 24
    },
    {
      "firstName": "Eugene",
      "lastName": "Stewart",
      "age": 65
    },
    {
      "firstName": "Anna",
      "lastName": "Clark",
      "age": 41
    },
    {
      "firstName": "Gloria",
      "lastName": "Alexander",
      "age": 61
    },
    {
      "lastName": "Bennett",
      "age": 0
    },
    {
      "firstName": "Doris",
      "lastName": "Cook",
      "age": 61
    },
    {
      "lastName": "Cunningham",
      "age": 0
    },
    {
      "firstName": "Patricia",
      "lastName": "Cooper",
      "age": 72
    },
    {
      "firstName": "Fred",
      "lastName": "Barnes",
      "age": 0
    },
    {
      "firstName": "Chris",
      "lastName": "Mitchell",
      "age": 59
    },
    {
      "firstName": "Carl",
      "lastName": "Lawson",
      "age": 19
    },
    {
      "firstName": "Nicole",
      "lastName": "Martinez",
      "age": 28
    },
    {
      "firstName": "Rachel",
      "lastName": "Johnson",
      "age": 24
    },
    {
      "firstName": "Nicole",
      "lastName": "Harris",
      "age": 43
    },
    {
      "lastName": "Mitchell",
      "age": 41
    },
    {
      "lastName": "Baker",
      "age": 0
    },
    {
      "firstName": "Betty",
      "lastName": "Ward",
      "age": 70
    },
    {
      "firstName": "Jonathan",
      "lastName": "Rodriguez",
      "age": 0
    },
    {
      "firstName": "Carl",
      "lastName": "Lawson",
      "age": 19
    },
    {
      "firstName": "Jacqueline",
      "lastName": "Perez",
      "age": 25
    },
    {
      "firstName": "Anna",
      "lastName": "Clark",
      "age": 41
    },
    {
      "firstName": "Betty",
      "lastName": "Ward",
      "age": 70
    },
    {
      "firstName": "Wanda",
      "lastName": "Harris",
      "age": 26
    },
    {
      "firstName": "Jean",
      "lastName": "Henry",
      "age": 0
    },
    {
      "firstName": "Ann",
      "lastName": "Stevens",
      "age": 0
    },
    {
      "firstName": "Patricia",
      "lastName": "Cooper",
      "age": 72
    },
    {
      "firstName": "Ann",
      "lastName": "Stevens",
      "age": 0
    },
    {
      "firstName": "Betty",
      "lastName": "Ward",
      "age": 70
    },
    {
      "firstName": "Fred",
      "lastName": "Allen",
      "age": 57
    },
    {
      "firstName": "Amanda",
      "lastName": "Frazier",
      "age": 0
    },
    {
      "firstName": "Ann",
      "lastName": "Stevens",
      "age": 0
    },
    {
      "lastName": "Moreno",
      "age": 37
    },
    {
      "firstName": "Jonathan",
      "lastName": "Rodriguez",
      "age": 0
    },
    {
      "firstName": "Carl",
      "lastName": "Lawson",
      "age": 19
    },
    {
      "firstName": "Sarah",
      "lastName": "Day",
      "age": 33
    },
    {
      "lastName": "Cunningham",
      "age": 0
    },
    {
      "firstName": "Jonathan",
      "lastName": "Rodriguez",
      "age": 0
    },
    {
      "firstName": "Gary",
      "lastName": "Stevens",
      "age": 0
    },
    {
      "firstName": "Betty",
      "lastName": "Ward",
      "age": 70
    },
    {
      "firstName": "Bonnie",
      "lastName": "Fox",
      "age": 18
    },
    {
      "firstName": "Paula",
      "lastName": "Hill",
      "age": 74
    },
    {
      "lastName": "Thompson",
      "age": 46
    },
    {
      "lastName": "Schmidt",
      "age": 70
    },
    {
      "lastName": "Baker",
      "age": 0
    },
    {
      "firstName": "Diana",
      "lastName": "Harvey",
      "age": 46
    },
    {
      "lastName": "Schmidt",
      "age": 70
    },
    {
      "firstName": "Sarah",
      "lastName": "Day",
      "age": 33
    },
    {
      "firstName": "Kathy",
      "lastName": "Gilbert",
      "age": 51
    },
    {
      "lastName": "Schmidt",
      "age": 70
    },
    {
      "firstName": "Kathy",
      "lastName": "Gilbert",
      "age": 51
    },
    {
      "firstName": "Nicole",
      "lastName": "Harris",
      "age": 43
    },
    {
      "firstName": "Christine",
      "lastName": "Gomez",
      "age": 28
    },
    {
      "firstName": "Patricia",
      "lastName": "Cooper",
      "age": 72
    },
    {
      "firstName": "Paula",
      "lastName": "Hill",
      "age": 74
    },
    {
      "firstName": "Brandon",
      "lastName": "Fuller",
      "age": 30
    },
    {
      "firstName": "Marie",
      "lastName": "Williamson",
      "age": 0
    },
    {
      "firstName": "Joshua",
      "lastName": "Murray",
      "age": 41
    },
    {
      "firstName": "Jacqueline",
      "lastName": "Perez",
      "age": 25
    },
    {
      "lastName": "Harrison",
      "age": 18
    },
    {
      "firstName": "Clarence",
      "lastName": "Fowler",
      "age": 50
    },
    {
      "lastName": "Baker",
      "age": 0
    },
    {
      "firstName": "Chris",
      "lastName": "Mitchell",
      "age": 59
    },
    {
      "firstName": "Bonnie",
      "lastName": "Fox",
      "age": 18
    },
    {
      "lastName": "Mitchell",
      "age": 41
    },
    {
      "firstName": "Arthur",
      "lastName": "Reynolds",
      "age": 32
    },
    {
      "firstName": "Brandon",
      "lastName": "Fuller",
      "age": 30
    },
    {
      "firstName": "Rachel",
      "lastName": "Johnson",
      "age": 24
    },
    {
      "firstName": "Brenda",
      "lastName": "Howell",
      "age": 75
    },
    {
      "firstName": "Patricia",
      "lastName": "Fuller",
      "age": 36
    },
    {
      "firstName": "Ann",
      "lastName": "Stevens",
      "age": 0
    },
    {
      "lastName": "Mitchell",
      "age": 41
    },
    {
      "firstName": "Nicole",
      "lastName": "Harris",
      "age": 43
    },
    {
      "firstName": "Anna",
      "lastName": "Clark",
      "age": 41
    },
    {
      "firstName": "Sarah",
      "lastName": "Day",
      "age": 33
    },
    {
      "firstName": "Clarence",
      "lastName": "Fowler",
      "age": 50
    },
    {
      "firstName": "Emily",
      "lastName": "Parker",
      "age": 41
    },
    {
      "firstName": "Jennifer",
      "lastName": "Riley",
      "age": 0
    },
    {
      "firstName": "Anna",
      "lastName": "Clark",
      "age": 41
    },
    {
      "firstName": "Arthur",
      "lastName": "Reynolds",
      "age": 32
    },
    {
      "firstName": "Doris",
      "lastName": "Cook",
      "age": 61
    },
    {
      "lastName": "Bennett",
      "age": 0
    },
    {
      "firstName": "Jennifer",
      "lastName": "Riley",
      "age": 0
    },
    {
      "firstName": "Emily",
      "lastName": "Parker",
      "age": 41
    },
    {
      "firstName": "Diana",
      "lastName": "Harvey",
      "age": 46
    },
    {
      "firstName": "Benjamin",
      "lastName": "Henry",
      "age": 63
    },
    {
      "firstName": "Patricia",
      "lastName": "Cooper",
      "age": 72
    },
    {
      "firstName": "Rachel",
      "lastName": "Johnson",
      "age": 24
    },
    {
      "lastName": "Cunningham",
      "age": 0
    },
    {
      "firstName": "Amanda",
      "lastName": "Frazier",
      "age": 0
    },
    {
      "firstName": "Anna",
      "lastName": "Clark",
      "age": 41
    },
    {
      "firstName": "Chris",
      "lastName": "Mitchell",
      "age": 59
    },
    {
      "firstName": "Amanda",
      "lastName": "Frazier",
      "age": 0
    },
    {
      "firstName": "Emily",
      "lastName": "Parker",
      "age": 41
    },
    {
      "lastName": "Schmidt",
      "age": 70
    },
    {
      "firstName": "Emily",
      "lastName": "Parker",
      "age": 41
    },
    {
      "firstName": "Emily",
      "lastName": "Parker",
      "age": 41
    },
    {
      "firstName": "Diana",
      "lastName": "Harvey",
      "age": 46
    },
    {
      "firstName": "Diana",
      "lastName": "Harvey",
      "age": 46
    },
    {
      "firstName": "Fred",
      "lastName": "Barnes",
      "age": 0
    },
    {
      "lastName": "Fox",
      "age": 68
    },
    {
      "firstName": "Gary",
      "lastName": "Stevens",
      "age": 0
    },
    {
      "lastName": "Schmidt",
      "age": 70
    },
    {
      "firstName": "Brandon",
      "lastName": "Fuller",
      "age": 30
    },
    {
      "lastName": "Bennett",
      "age": 0
    },
    {
      "firstName": "Sandra",
      "lastName": "Riley",
      "age": 74
    },
    {
      "firstName": "Sandra",
      "lastName": "Riley",
      "age": 74
    },
    {
      "firstName": "Christine",
      "lastName": "Gomez",
      "age": 28
    },
    {
      "firstName": "Billy",
      "lastName": "Parker",
      "age": 68
    },
    {
      "firstName": "Gloria",
      "lastName": "Alexander",
      "age": 61
    },
    {
      "lastName": "Moreno",
      "age": 37
    },
    {
      "firstName": "Paula",
      "lastName": "Hill",
      "age": 74
    },
    {
      "lastName": "Harrison",
      "age": 18
    },
    {
      "lastName": "Fox",
      "age": 68
    },
    {
      "firstName": "Benjamin",
      "lastName": "Henry",
      "age": 63
    },
    {
      "firstName": "Fred",
      "lastName": "Allen",
      "age": 57
    },
    {
      "firstName": "Nicole",
      "lastName": "Harris",
      "age": 43
    },
    {
      "firstName": "Betty",
      "lastName": "Lawson",
      "age": 38
    },
    {
      "lastName": "Harrison",
      "age": 18
    },
    {
      "firstName": "Sarah",
      "lastName": "Day",
      "age": 33
    },
    {
      "firstName": "Diana",
      "lastName": "Harvey",
      "age": 46
    },
    {
      "firstName": "Kathy",
      "lastName": "Gilbert",
      "age": 51
    },
    {
      "firstName": "Sarah",
      "lastName": "Day",
      "age": 33
    },
    {
      "firstName": "Marie",
      "lastName": "Williamson",
      "age": 0
    },
    {
      "firstName": "Emily",
      "lastName": "Parker",
      "age": 41
    },
    {
      "firstName": "Paula",
      "lastName": "Hill",
      "age": 74
    },
    {
      "firstName": "Clarence",
      "lastName": "Fowler",
      "age": 50
    },
    {
      "firstName": "Thomas",
      "lastName": "Snyder",
      "age": 40
    },
    {
      "firstName": "Patrick",
      "lastName": "King",
      "age": 0
    },
    {
      "firstName": "Fred",
      "lastName": "Barnes",
      "age": 0
    },
    {
      "firstName": "Anna",
      "lastName": "Parker",
      "age": 56
    },
    {
      "firstName": "Jonathan",
      "lastName": "Rodriguez",
      "age": 0
    },
    {
      "lastName": "Peterson",
      "age": 72
    },
    {
      "lastName": "Peterson",
      "age": 72
    },
    {
      "lastName": "Thompson",
      "age": 46
    },
    {
      "firstName": "Gary",
      "lastName": "Stevens",
      "age": 0
    },
    {
      "lastName": "Stewart",
      "age": 39
    },
    {
      "firstName": "Sandra",
      "lastName": "Riley",
      "age": 74
    },
    {
      "firstName": "Jeremy",
      "lastName": "Woods",
      "age": 20
    },
    {
      "firstName": "Jeremy",
      "lastName": "Woods",
      "age": 20
    },
    {
      "lastName": "Schmidt",
      "age": 70
    },
    {
      "firstName": "Kathy",
      "lastName": "Gilbert",
      "age": 51
    },
    {
      "firstName": "Sandra",
      "lastName": "Riley",
      "age": 74
    },
    {
      "firstName": "Patrick",
      "lastName": "King",
      "age": 0
    },
    {
      "lastName": "Fox",
      "age": 68
    },
    {
      "firstName": "Clarence",
      "lastName": "Fowler",
      "age": 50
    },
    {
      "firstName": "Doris",
      "lastName": "Cook",
      "age": 61
    },
    {
      "firstName": "Bonnie",
      "lastName": "Fox",
      "age": 18
    },
    {
      "firstName": "Gary",
      "lastName": "Stevens",
      "age": 0
    },
    {
      "firstName": "Jonathan",
      "lastName": "Rodriguez",
      "age": 0
    },
    {
      "firstName": "Patricia",
      "lastName": "Fuller",
      "age": 36
    },
    {
      "firstName": "Betty",
      "lastName": "Ward",
      "age": 70
    },
    {
      "firstName": "Jeremy",
      "lastName": "Woods",
      "age": 20
    },
    {
      "firstName": "Fred",
      "lastName": "Allen",
      "age": 57
    },
    {
      "firstName": "Anna",
      "lastName": "Clark",
      "age": 41
    },
    {
      "firstName": "Betty",
      "lastName": "Lawson",
      "age": 38
    },
    {
      "lastName": "Moreno",
      "age": 37
    },
    {
      "firstName": "Patricia",
      "lastName": "Cooper",
      "age": 72
    },
    {
      "firstName": "Clarence",
      "lastName": "Fowler",
      "age": 50
    },
    {
      "firstName": "Sarah",
      "lastName": "Day",
      "age": 33
    },
    {
      "firstName": "Christina",
      "lastName": "Patterson",
      "age": 63
    },
    {
      "lastName": "Harrison",
      "age": 18
    },
    {
      "firstName": "Arthur",
      "lastName": "Reynolds",
      "age": 32
    },
    {
      "firstName": "Betty",
      "lastName": "Ward",
      "age": 70
    },
    {
      "firstName": "Patrick",
      "lastName": "King",
      "age": 0
    },
    {
      "lastName": "Baker",
      "age": 0
    },
    {
      "lastName": "Moreno",
      "age": 37
    },
    {
      "firstName": "Diana",
      "lastName": "Harvey",
      "age": 46
    },
    {
      "firstName": "Brenda",
      "lastName": "Howell",
      "age": 75
    },
    {
      "firstName": "Gary",
      "lastName": "Stevens",
      "age": 0
    },
    {
      "lastName": "Baker",
      "age": 0
    },
    {
      "firstName": "Emily",
      "lastName": "Parker",
      "age": 41
    },
    {
      "firstName": "Brenda",
      "lastName": "Howell",
      "age": 75
    },
    {
      "firstName": "Patricia",
      "lastName": "Fuller",
      "age": 36
    },
    {
      "firstName": "Carl",
      "lastName": "Lawson",
      "age": 19
    },
    {
      "firstName": "Carl",
      "lastName": "Lawson",
      "age": 19
    },
    {
      "lastName": "Harrison",
      "age": 18
    },
    {
      "firstName": "Anna",
      "lastName": "Parker",
      "age": 56
    },
    {
      "firstName": "Fred",
      "lastName": "Barnes",
      "age": 0
    },
    {
      "firstName": "Jean",
      "lastName": "Henry",
      "age": 0
    }
  ]
}